,folds,val_cindex
0,0,0.6068779501011463
1,1,0.6184387617765814
2,2,0.6889040163376446
3,3,0.6407894736842106
4,4,0.5369595536959554
