,folds,val_cindex
0,0,0.6405933917734322
1,1,0.6016150740242261
2,2,0.673927842069435
3,3,0.6342105263157894
4,4,0.6227336122733612
